﻿Geometry,Median_Age,MoE
Census Tract 1.01,53.2,± 10.4
Census Tract 1.02,47.1,± 2.6
Census Tract 1.03,43.1,± 3.1
Census Tract 1.04,37.4,± 13.8
Census Tract 1.05,39.6,± 2.4
Census Tract 10,24.4,± 1.2
Census Tract 101.01,39.5,± 3.2
Census Tract 101.02,35.1,± 1.4
Census Tract 102,40.1,± 3.2
Census Tract 103,44.7,± 2.1
Census Tract 104,32.6,± 2.8
Census Tract 105,40.2,± 3.3
Census Tract 106,43.8,± 4.1
Census Tract 11.01,21.8,± 0.7
Census Tract 11.02,20.3,± 0.3
Census Tract 12,19.9,± 0.7
Census Tract 13.02,28.9,± 3.2
Census Tract 13.03,24.4,± 3.4
Census Tract 13.04,22.5,± 0.7
Census Tract 2,37.7,± 3.2
Census Tract 3,43.7,± 7.2
Census Tract 4,37.2,± 4.9
Census Tract 5,20.5,± 0.3
Census Tract 6,31.6,± 3
Census Tract 7,22.6,± 0.9
Census Tract 8,19.4,± 0.1
Census Tract 9,36.8,± 3.3
